product_name,brand,official_product_page,official_page_confidence,brand_website,brand_website_confidence,barcode_or_sku,barcode_confidence,country_of_origin,origin_confidence,external_description,external_ingredients,ingredients_confidence,overall_confidence_score,source_urls
COSRX – Advanced Snail Hydrogel Eye Patch – 60 patches,COSRX,https://www.cosrx.com/products/advanced-snail-hydrogel-eye-patch,HIGH,https://www.cosrx.com,HIGH,,LOW,Korea,HIGH,FREE SHIPPING on any 5 PDRN product! (Launch offer • Ends 1/19 PST).,,LOW,6,https://www.cosrx.com/products/advanced-snail-92-all-in-one-cream; https://www.reddit.com/r/AsianBeauty/comments/4mphlo/lets_talk_about_hydrogel_eye_patches/; https://mbeautyplus.com/products/cosrx-snail-hydrogel-eye-patch; https://www.cosrx.com/collections/eye-care; https://www.cosrx.com/; https://www.cosrx.com/products/advanced-snail-96-mucin-power-essence; https://www.amazon.com/COSRX-Advanced-Hydrogel-treatments-Revitalize/dp/B08V56GJ7W; https://www.ulta.com/p/advanced-snail-hydrogel-eye-patch-pimprod2040760?sku=2616456; https://bellevous.in/products/cosrx-advanced-snail-hydrogel-eye-patch; https://incidecoder.com/products/cosrx-advanced-snail-hydrogel-eye-patch; https://www.iherb.com/r/cosrx-advanced-snail-hydrogel-eye-patch-60-patches-3-17-oz-90-g/105874; https://www.cosrx.com/products/advanced-snail-peptide-eye-cream; https://www.cosrx.com/collections/snail-mucin; https://kdfoundation.org/?k=112573558; https://www.elbeauty.gr/en/product/cosrx-advanced-snail-hydrogel-eye-patch-epithemata-mation-ydrogelis-me-saligkari/; https://www.cosrx.com/products/advanced-snail-hydrogel-eye-patch; https://www.bbcreamshop.eu/cosrx-advanced-snail-hydrogel-eye-patch-60-pcs-90g
Anua – Heartleaf Silky Moisture Sun Cream SPF50+ PA++++ – 50 ml,Anua,https://www.skincupid.us/products/anua-heartleaf-silky-moisture-sun-cream-spf50-pa-50ml,HIGH,https://www.skincupid.us,HIGH,,LOW,Korea,HIGH,"A gentle sunscreen with a refreshing finish that lasts all day, ANUA's Heartleaf Silky Moisture Sun Cream SPF50+ PA++++ provides high, broad-spectrum ...",,LOW,6,https://kbeautykenya.com/product/anua-heartleaf-silky-moisture-sun-cream-spf-50-pa/; https://smkoreabeauty.com/products/anua-heartleaf-silky-moisture-sun-cream; https://incidecoder.com/products/anua-heartleaf-silky-moisture-sun-cream; https://skinsort.com/products/anua/heartleaf-silky-moisture-sun-cream-spf-50-pa-old-Vh8qoTo; https://anua.com/products/heartleaf-silky-moisture-sunscreen-50ml; https://niceonesa.com/en/anua-heartleaf-silky-moisture-sunscreen-with-spf-50-50ml-n25628; https://www.laminax.com.bd/shop/anua-heartleaf-silky-moisture-sunscreen-spf50-pa?variant=50ml; https://goldapple.qa/19000237275-heartleaf; https://koreanskincare.com/products/anua-silky-moisture-sun-cream; https://skinsort.com/products/anua/heartleaf-silky-moisture-sun-cream-spf-50-pa; https://www.yesstyle.com/en/anua-heartleaf-silky-moisture-sun-cream-50ml/info.html/pid.1135246649; https://global.oliveyoung.com/product/detail?prdtNo=GA230117431; https://cosibella-wholesale.com/en/products/anua-heartleaf-silky-moisture-sun-cream-spf50-pa-moisturizing-face-cream-with-filter-50ml-18241; https://www.skincupid.us/products/anua-heartleaf-silky-moisture-sun-cream-spf50-pa-50ml; https://www.ebay.com/itm/175626774786; https://moonglow.md/en/products/anua-heartleaf-silky-moisture-sun-cream-50ml/; https://www.myaster.com/en/online-pharmacy/p/anua-heartleaf-silky-moisture-sp50-pa-sun-cream-50ml/1066821
Beauty of Joseon – Ground Rice and Honey Glow Mask – 150 ml,Beauty of Joseon,https://beautyofjoseon.com/products/ground-rice-and-honey-glow-mask,HIGH,https://beautyofjoseon.com,HIGH,,LOW,South Korea,HIGH,"Nov 25, 2024 ... Very Dry. Lives in a dry climate as well. Skin Concerns: Currently going through some inflammation due to dryness and poor product testing.",Honey Extract; Oryza Sativa (Rice) Powder; Kaolin. Two women with the glowing mask applied to their cheeks; emphasizing a ...,LOW,6,https://beautyofjoseon.com/products/ground-rice-and-honey-glow-mask; https://incidecoder.com/products/beauty-of-joseon-ground-rice-and-honey-glow-mask; https://skinsort.com/products/beauty-of-joseon/ground-rice-and-honey-glow-mask-755df78b-791e-4519-915e-d3ae918609bb; https://ksisters.cz/en/product/beauty-of-joseon-ground-rice-and-honey-glow-mask; https://www.myaster.com/en/online-pharmacy/p/beauty-of-joseon-ground-rice-and-honey-face-glow-mask-150ml/1061809; https://www.sephora.com/product/ground-rice-honey-glow-mask-P517681; https://www.reddit.com/r/AsianBeauty/comments/1gzaz1i/reviewing_the_boj_ground_rice_honey_glow_mask/; https://www.bibliotecanacional.ao/beauty-of-joseon-new-ground-rice-and-honey-glow-mask-5-07-fl-oz-nwob-k-beauty-REZBGFRcU1tQWkZc; https://sincereskincare.com/product/beauty-of-joseon-ground-rice-and-honey-glow-mask-drekinanti-ryziu-ir-medaus-veido-kauke/; https://ohlolly.com/products/beauty-of-joseon-ground-rice-and-honey-glow-mask; https://instachiq.com/en/products/beauty-of-joseon-ground-rice-honey-glow-mask; https://beautyofjoseon.com/products/glow-charging-rice-duo; https://www.reddit.com/r/AsianBeauty/comments/1nevhoa/beauty_of_joseon_rice_and_honey_mask/; https://beautyofjoseon.com/products/glow-replenishing-rice-milk; https://my-kare.com/en/products/beauty-of-joseon-ground-rice-and-honey-glow-mask
Beauty of Joseon – Light On Serum: Centella + Vita C – 30 ml,Beauty of Joseon,https://beautyofjoseon.com/products/light-on-serum-centella-vita-c,HIGH,https://beautyofjoseon.com,HIGH,,LOW,South Korea,HIGH,"Combines a stabilized vitamin C derivative with Centella asiatica extracts so you get all the brightening benefits you want from a vitamin C serum, balanced ...",,LOW,6,https://sincereskincare.com/product/beauty-of-joseon-light-on-serum-centella-vita-c-serumas-su-vitaminu-c-ir-azijine-centele/; https://beautyofjoseon.com/products/light-on-serum-centella-vita-c; https://incidecoder.com/products/beauty-of-joseon-light-on-serum-centella-vita-c; https://ohlolly.com/products/beauty-of-joseon-light-on-serum-centella-vita-c; https://www.iherb.com/pr/beauty-of-joseon-light-on-serum-centella-vita-c-1-01-fl-oz-30-ml/131918; https://skinsort.com/products/beauty-of-joseon/light-on-serum-centella-vita-c; https://www.myaster.com/en/online-pharmacy/p/beauty-of-joseon-centella-vitamin-c-light-on-serum-30ml/1066836; https://www.ktown4u.com/iteminfo?grp_no=41636992&fanc_goods_no=332407&goods_no=116146; https://whatsinmyjar.com/product/beauty-of-joseon-light-on-serum-centella-vita-c; https://www.koreanbeautys.com/products/beauty-of-joseon-light-on-serum-centella-vita-c; https://beautyofjoseon.com/blogs/news/a-full-guide-to-the-newly-launched-light-on-serum-centella-vita-c; https://beautyhunter.com.ua/en/osvetliaiushchaia-syvorotka-beauty-of-joseon-s-vytamynom-s-y-tsentelloi-azyatskoi-light-on-serum-centella-vita-c-30-ml/; https://www.reddit.com/r/AsianBeauty/comments/15p1107/first_impression_review_new_beauty_of_joseon/; https://incidecoder.com/products/beauty-of-joseon-light-on-serum-centella-vita-c-3; https://btime.om/en/products/beauty-of-joseon-light-on-serum-centella-vita-c-30-ml; https://www.amazon.com/Beauty-Joseon-Light-Serum-Centella/dp/B0CD7PWYQN; https://beautyofjoseon.com/pages/light-on-serum-centella-vita-c
Anua – Heartleaf LHA Moisture Peeling Gel – 120 ml,Anua,https://anua.com/products/heartleaf-lha-moisture-peeling-gel,HIGH,https://anua.com,HIGH,,LOW,South Korea,HIGH,"Discover the Heartleaf LHA Moisture Peeling Gel by Anua, designed for sensitive skin. Experience gentle exfoliation that reveals a radiant, ...",,LOW,6,https://cosibella-wholesale.com/en/products/anua-heartleaf-lha-moisture-peeling-gel-facial-scrub-120ml-17571; https://anua.global/products/heartleaf-lha-moisture-peeling-gel-copy; https://www.skincupid.co.uk/products/anua-heartleaf-lha-moisture-peeling-gel-120ml; https://skincare.pl/en/anua-heartleaf-lha-moisture-peeling-gel-facial-scr/3-216-1316; https://au.iherb.com/r/anua-heartleaf-lha-moisture-peeling-gel-4-05-fl-oz-120-ml/147909; https://incidecoder.com/products/anua-heartleaf-lha-moisture-peeling-gel; https://sincereskincare.com/product/anua-heartleaf-lha-moisture-peeling-gel-drekinantis-sveiciamasis-gelis/; https://www.amazon.com/ANUA-Heartleaf-Exfoliator-Resurface-Nourishing/dp/B0BVVJYVBK; https://www.ulta.com/p/heartleaf-lha-moisture-peeling-gel-pimprod2049128?sku=2634257; https://www.cosmeterie.com/anua/heartleaf-lha-moisture-peeling-gel; https://goldapple.ae/19000237268-heartleaf; https://in.iherb.com/r/anua-heartleaf-lha-moisture-peeling-gel-4-05-fl-oz-120-ml/147909; https://www.8cliptrader.com/product-page/anua-heartleaf-lha-moisture-peeling-gel-120ml; https://anua.com/products/heartleaf-lha-moisture-peeling-gel; https://yepposoonsoo.se/en/products/anua-heartleaf-lha-moisture-peeling-gel; https://www.myaster.com/en/online-pharmacy/p/anua-heartleaf-lha-moisture-peeling-gel-for-all-skin-types-120ml/1060997; https://moonglow.md/en/products/anua-heartleaf-lha-moisture-peeling-gel-120-ml/
Anua – Heartleaf 70% Daily Lotion – 200 ml,Anua,https://anua.com/products/heartleaf-70-daily-lotion-copy-1,HIGH,https://anua.com,HIGH,,LOW,South Korea,HIGH,Revitalize your dry skin with Anua's Heartleaf 70% Daily Face Lotion. This gentle yet effective formula delivers deep hydration for a healthy glow every ...,,LOW,6,https://www.amazon.com/Heartleaf-Moisturizer-Hyaluronic-Sensitive-Lightweight/dp/B0CHZ6KJGQ; https://www.ulta.com/p/heartleaf-70-daily-lotion-pimprod2048926?sku=2634281; https://incidecoder.com/products/anua-heartleaf-70-daily-relief-lotion; https://skinsort.com/products/anua/heartleaf-70-daily-relief-lotion; https://www.myaster.com/en/online-pharmacy/p/anua-heartleaf-70-facial-daily-lotion-for-dry-acne-prone-skin-200ml/1061798; https://anua.com/products/rice-70-intensive-moisturizing-milk; https://cosibella-wholesale.com/en/products/anua-heartleaf-70-daily-lotion-soothing-and-moisturizing-facial-emulsion-200ml-18718; https://www.skincupid.us/products/anua-hearleaf-70-daily-lotion-200ml; https://koreanskincare.co.uk/products/anua-heartleaf-70-daily-lotion; https://www.lamourlife.com/products/anua-heartleaf-70-daily-lotion-200ml; https://www.elbeauty.gr/en/product/anua-heartleaf-70-daily-lotion-enydatiki-losion-me-kataprayntikes-idiotites/; https://koreanskincare.be/products/anua-heartleaf-70-daily-lotion; https://anua.com/products/heartleaf-70-daily-lotion-copy-1; https://www.cosmeterie.com/anua/heartleaf-70-daily-lotion; https://clearskinessentialsqa.com/products/anua-heartleaf-70-daily-lotion-200ml; https://niceonesa.com/en/anua-heartleaf-70-daily-lotion-200ml-n25448; https://www.reddit.com/r/SkincareAddiction/comments/18lj1d0/product_question_thoughts_on_the_anua_heartleaf/; https://incidecoder.com/products/anua-heartleaf-70-daily-lotion
COSRX – Aloe Soothing Sun Cream SPF50 PA+++ – 50 ml,COSRX,https://www.cosrx.com/products/aloe-soothing-sun-cream-spf50-pa,HIGH,https://www.cosrx.com,HIGH,,LOW,South Korea,HIGH,"Aloe Soothing Sun Cream SPF50+/ PA+++ ... Is this moisturizer? No, it's sunscreen! Formulated with Aloe Arborescens Leaf Extract, the daily soothing sunblock is ...",,LOW,6,https://www.bbcreamshop.eu/product/brands/cosrx/cosrx-aloe-soothing-sun-cream-spf50_-_50/520; https://glowtheory.com/products/aloe-soothing-sun-cream-spf-50-pa; https://koreanskincare.com/products/cosrx-aloe-soothing-sun-cream; https://www.reddit.com/r/AsianBeauty/comments/uou1p9/cosrx_aloe_soothing_sun_cream_spf50/; https://sincereskincare.com/product/cosrx-aloe-soothing-sun-cream-spf50-pa-drekinantis-apsauginis-kremas-nuo-saules-su-alaviju-ekstraktu/; https://kdfoundation.org/?k=112259758; https://www.cosrx.com/products/aloe-soothing-sun-cream-spf50-pa; https://skinsort.com/products/cosrx/aloe-soothing-sun-cream-spf-50-pa; https://www.reddit.com/r/AsianBeauty/comments/165ccyc/review_cosrx_aloe_soothing_suncream_spf50/; https://incidecoder.com/products/cosrx-aloe-soothing-sun-cream-spf-50; https://www.amazon.com/cosrx-aloe-soothing-sun-cream/s?k=cosrx+-+aloe+soothing+sun+cream; https://peacockbeautywholesale.com/product/cosrx-aloe-soothing-sun-cream-spf50-pa-wholesale/; https://www.cosrx.com/collections/sun-protection; https://beautybarn.in/product/aloe-soothing-sun-cream-spf50-pa; https://incidecoder.com/products/cosrx-aloe-soothing-sun-cream-spf50-pa; https://www.myaster.com/en/online-pharmacy/p/cosrx-aloe-soothing-spf-50-pa-moisturizing-sun-cream-50ml/1051636
Heimish – RX Retinol Bakuchiol Hydrogel Eye Patch – 60 ea,Heimish,https://heimish.us/products/heimish-rx-retinol-bakuchiol-hydrogel-eye-patch,HIGH,https://heimish.us,HIGH,,LOW,Korea,HIGH,"Advanced eye patch targeting crow's feet and smile lines, powered by retinol and bakuchiol for hydration, brightening, and anti-wrinkle benefits.",Water; Glycerin; Niacinamide ... Heimish RX Retinol Bakuchiol ...,LOW,6,https://moida.co.uk/products/heimish-rx-retinol-bakuchiol-hydrogel-eye-patch-60ea; https://www.quechoisir.org/comparatif-ingredients-indesirables-n941/heimish-rx-retinol-bakuchiol-hydrogel-eyes-patch-pi1782050/; https://www.7skin.lv/store/item/face-care/eye-patch/mediheal-vita-collagen-eye-ampoule-patch/; https://www.ummabearshop.com/blogs/news; https://www.bbcreamshop.eu/eye-patch/; https://www.stylekorean.com/shop/heimish-rx-retinol-bakuchiol-hydrogel-eye-patch-60ea/1729045435/; https://www.dodoskin.com/products/heimish-rx-retinol-bakuchiol-hydrogel-eye-patch-1-4g-60ea; https://www.yesstyle.com/en/heimish-rx-retinol-bakuchiol-hydrogel-eye-patch-60-patches/info.html/pid.1132297408; https://www.stylekorean.com/shop/heimish-rx-multi-vitamin-glow-serum-35ml/1729043941/; https://jolse.com/product/heimish-rx-retinol-bakuchiol-hydrogel-eye-patch-14g60ea/80966/; https://microsite.talech.com/ordering/Nature-Republic-Flushing-FLUSHING-NY/331092; https://sokoskins.shop/products/heimish-rx-retinol-bakuchiol-hydrogel-eye-patch-60ea; https://www.amazon.co.uk/HEIMISH-Retinol-Bakuchiol-Hydrogel-Patch/dp/B0DKNWK1L6; https://heimish.us/products/heimish-rx-retinol-bakuchiol-hydrogel-eye-patch; https://www.stylekorean.com/shop/heimish-rx-retinol-bakuchiol-eye-cream-30ml/1729046497/; https://glowinbh.com/collections/heimish
SKIN1004 – Spot Cover Patch,SKIN1004,https://www.skin1004.com/products/tea-trica-spot-cover-patch,HIGH,https://www.skin1004.com,HIGH,,LOW,,LOW,"What It Is: Amazingly thin and skin-like pimple patches absorb excess sebum and impurities from acne, helping to keep the skin clean and protected ; Product ...",,LOW,4,https://sukoshi.com/en-us/products/skin1004-spot-cover-patch-22-patches; https://www.skin1004.com/products/tea-trica-spot-cream; https://www.lyssaselect.com/en-be/products/skin1004-covering-patches-22pcs; https://www.amazon.sa/-/en/SKIN1004-Madagascar-1ea-22count-Hydrocolloid-Ultra-thin/dp/B0B3GBK6SK; https://incidecoder.com/products/skin1004-tea-trica-spot-cover-patch; https://beauty-garden.hr/en/products/skin1004-madagascar-centella-tea-trica-spot-cover-patch; https://kdfoundation.org/?k=161814758; https://www.guardian.com.sg/skin1004-spot-cover-patch-633759.html; https://www.daraz.com.np/products/skin1004-madagascar-tea-trica-spot-cover-patch-22-spot-1-pack-i127995692.html; https://skinsort.com/products/vue-swiss/clearing-spot-patches; https://qudobeauty.com/product/cosrx-acne-pimple-master-patch-24-count/; https://kiyoko.com/products/skin1004-tea-trica-spot-cover-patch-22pcs; https://kdfoundation.org/?k=162084858; https://www.reddit.com/r/AsianBeauty/comments/15kfwlj/whats_your_favourite_acne_patch/; https://www.skin1004.com/products/tea-trica-spot-cover-patch; https://www.miloon.eu/en/product/skin1004-spot-cover-patch/; https://www.skin1004.com/products/tea-trica-relief-ampoule
Pyunkang Yul – Black Tea Time Reverse Eye Cream,Pyunkang Yul,,LOW,,LOW,,LOW,,LOW,Hyaluronic acid and ceramides deeply moisturize the skin and minimize moisture loss around the eyes. Cruelty-free and no animal testing. PKY products are ...,,LOW,0,https://www.amazon.com/Pyunkang-Yul-Black-Reverse-Patch/dp/B09BB7ZNW6; https://koreanskincare.co.uk/products/pyunkang-yul-black-tea-time-reverse-eye-cream; https://incidecoder.com/products/pyunkang-yul-black-tea-time-reverse-eye-cream; https://www.yesstyle.com/en/pyunkang-yul-black-tea-time-reverse-eye-cream-25ml/info.html/pid.1089691279; https://www.elbeauty.gr/en/product/black-tea-time-reverse-eye-cream-krema-mation/; https://www.amazon.ae/PYUNKANG-Black-Time-Reverse-Cream/dp/B08CH3HLXF; https://www.riveronehealth.com/product-page/pyunkang-yul-black-tea-time-reverse-eye-patch; https://ae.iherb.com/r/pyunkang-yul-black-tea-time-reverse-eye-cream-0-85-fl-oz-25-ml/105232; https://www.bbcreamshop.eu/pyunkang-yul-zeme-puvodu/; https://kocos.bg/Pyunkang-Yul-Black-Tea-Time-Reverse-Eye-Cream-3-1344; https://www.reddit.com/r/AsianBeauty/comments/mtswe7/discussion_opinions_on_the_pyunkang_yul_black_tea/; https://montesense.me/en/products/pyunkang-yul-black-tea-time-reverse-eye-cream; https://skinsort.com/products/pyunkang-yul/black-tea-time-reverse-eye-cream; https://ohlolly.com/products/pyunkang-yul-black-tea-time-reverse-eye-cream; https://sukoshi.com/en-us/products/pyunkang-yul-black-tea-time-reverse-eye-cream; https://uk.iherb.com/r/pyunkang-yul-black-tea-time-reverse-eye-cream-0-85-fl-oz-25-ml/105232
